"","role","nerf_count","buff_count","nerf_ratio","buff_ratio"
"1","damage",91,149,0.379166666666667,0.620833333333333
"2","support",72,122,0.371134020618557,0.628865979381443
"3","tank",85,181,0.319548872180451,0.680451127819549
