"","role","nerf_count","buff_count","nerf_ratio","buff_ratio"
"1","damage",92,153,0.375510204081633,0.624489795918367
"2","support",73,122,0.374358974358974,0.625641025641026
"3","tank",89,185,0.324817518248175,0.675182481751825
